group,cycles
0,602
0,540
0,494
0,506
0,498
0,502
0,500
0,496
0,498
0,502
0,494
0,504
0,502
0,492
0,502
0,502
0,500
0,498
0,504
0,498
0,502
0,496
0,496
0,504
0,496
0,496
0,498
0,502
0,492
0,502
0,500
0,496
0,498
0,504
0,496
0,504
0,500
0,496
0,502
0,506
0,494
0,498
0,500
0,496
0,498
0,502
0,502
0,500
0,496
0,496
0,500
0,500
0,500
0,500
0,534
0,496
0,498
0,496
0,496
0,498
0,500
0,494
0,498
0,502
0,492
0,496
0,498
0,498
0,500
0,496
0,492
0,500
0,496
0,498
0,498
0,502
0,490
0,498
0,496
0,494
0,498
0,496
0,500
0,500
0,494
0,496
0,498
0,500
0,490
0,500
0,500
0,496
0,500
0,502
0,494
0,496
0,502
0,496
0,500
0,496
0,496
0,518
0,498
0,490
0,500
0,496
0,496
0,500
0,498
0,490
0,498
0,504
0,490
0,500
0,502
0,494
0,502
0,496
0,500
0,504
0,496
0,494
0,496
0,496
0,494
0,498
0,502
0,492
0,496
0,502
0,492
0,502
0,502
0,492
0,496
0,498
0,492
0,498
0,498
0,492
0,502
0,496
0,500
0,496
0,500
0,536
0,514
0,496
0,498
0,496
0,496
0,502
0,498
0,498
0,500
0,502
0,498
0,496
0,496
0,496
0,498
0,500
0,500
0,500
0,506
0,494
0,498
0,502
0,492
0,500
0,494
0,494
0,504
0,502
0,494
0,504
0,504
0,500
0,500
0,500
0,496
0,504
0,500
0,500
0,504
0,504
0,496
0,506
0,498
0,496
0,500
0,500
0,496
0,504
0,496
0,548
0,500
0,504
0,494
0,498
0,504
0,494
0,502
0,502
0,500
0,502
0,500
0,496
0,498
0,498
0,496
0,502
0,498
0,502
0,502
0,500
0,496
0,500
0,500
0,492
0,498
0,496
0,496
0,496
0,500
0,494
0,498
0,500
0,498
0,498
0,498
0,496
0,498
0,496
0,496
0,504
0,500
0,494
0,500
0,540
0,494
0,500
0,496
0,496
0,498
0,502
0,496
0,496
0,500
0,496
0,502
0,498
0,494
0,502
0,500
0,490
0,502
0,500
0,498
0,498
0,498
0,498
0,502
0,496
0,496
0,502
0,500
0,496
0,502
0,504
0,496
0,506
0,500
0,498
0,502
0,500
0,492
0,498
0,504
0,494
0,500
0,498
0,496
0,534
0,502
0,498
0,498
0,498
0,498
0,502
0,500
0,498
0,496
0,502
0,494
0,502
0,498
0,500
0,502
0,504
0,498
0,496
0,498
0,496
0,504
0,496
0,494
0,496
0,502
0,496
0,498
0,504
0,496
0,500
0,502
0,492
0,496
0,500
0,500
0,502
0,498
0,496
0,504
0,500
0,498
0,502
0,504
0,532
0,504
0,496
0,496
0,502
0,498
0,496
0,496
0,502
0,494
0,498
0,504
0,494
0,498
0,496
0,500
0,502
0,504
0,496
0,500
0,500
0,496
0,496
0,502
0,496
0,496
0,502
0,494
0,506
0,500
0,500
0,502
0,498
0,494
0,498
0,500
0,494
0,498
0,502
0,496
0,500
0,496
0,496
0,500
0,498
0,518
0,500
0,496
0,494
0,500
0,498
0,490
0,498
0,500
0,494
0,498
0,500
0,494
0,500
0,498
0,492
0,502
0,496
0,498
0,496
0,502
0,490
0,502
0,496
0,500
0,500
0,502
0,498
0,494
0,502
0,498
0,500
0,502
0,492
0,500
0,496
0,500
0,498
0,504
0,492
0,496
0,500
0,494
0,502
0,498
0,496
0,500
0,540
0,496
0,500
0,500
0,498
0,500
0,502
0,498
0,504
0,500
0,498
0,498
0,500
0,496
0,498
0,502
0,492
0,504
0,500
0,494
0,504
0,500
0,498
0,504
0,498
0,492
0,504
0,496
0,498
0,502
0,502
0,500
0,498
0,498
0,500
0,502
0,504
0,496
0,496
0,498
0,494
0,498
0,502
0,496
0,498
0,534
0,494
0,502
0,502
0,498
0,500
0,500
0,496
0,500
0,498
0,496
0,500
0,502
0,498
0,506
0,502
0,494
0,502
0,494
0,492
0,500
0,502
0,496
0,502
0,500
0,492
0,498
0,502
0,496
0,496
0,500
0,496
0,498
0,498
0,498
0,498
0,502
0,494
0,500
0,502
0,492
0,502
0,498
0,498
0,498
0,498
0,502
0,500
0,532
0,496
0,498
0,500
0,496
0,500
0,502
0,496
0,496
0,500
0,490
0,498
0,502
0,490
0,504
0,496
0,492
0,504
0,496
0,496
0,500
0,498
0,498
0,494
0,502
0,496
0,500
0,506
0,494
0,502
0,500
0,498
0,502
0,502
0,494
0,502
0,496
0,494
0,500
0,500
0,498
0,500
0,496
0,496
0,498
0,514
0,500
0,500
0,498
0,492
0,502
0,498
0,496
0,500
0,504
0,496
0,502
0,506
0,496
0,502
0,504
0,492
0,500
0,504
0,494
0,496
0,498
0,494
0,500
0,502
0,494
0,502
0,496
0,498
0,494
0,496
0,494
0,500
0,502
0,494
0,496
0,498
0,496
0,502
0,498
0,502
0,502
0,498
0,498
0,544
0,498
0,498
0,506
0,500
0,504
0,502
0,500
0,498
0,498
0,500
0,502
0,496
0,504
0,494
0,502
0,498
0,500
0,498
0,500
0,498
0,502
0,504
0,500
0,502
0,502
0,494
0,494
0,504
0,496
0,496
0,502
0,498
0,498
0,498
0,496
0,500
0,496
0,492
0,502
0,502
0,494
0,502
0,498
0,550
0,502
0,498
0,494
0,498
0,500
0,496
0,502
0,498
0,494
0,502
0,500
0,496
0,502
0,498
0,496
0,496
0,500
0,498
0,500
0,500
0,492
0,500
0,500
0,498
0,502
0,504
0,496
0,500
0,498
0,496
0,500
0,496
0,498
0,500
0,500
0,526
0,502
0,502
0,498
0,498
0,510
0,502
0,500
0,498
0,498
0,502
0,502
0,500
0,500
0,500
0,498
0,500
0,496
0,502
0,502
0,494
0,496
0,504
0,498
0,498
0,500
0,500
0,500
0,502
0,494
0,498
0,498
0,496
0,498
0,498
0,492
0,496
0,498
0,498
0,502
0,504
0,498
0,502
0,502
0,492
0,502
0,540
0,496
0,496
0,502
0,492
0,498
0,500
0,496
0,500
0,502
0,500
0,496
0,500
0,494
0,498
0,498
0,498
0,502
0,496
0,494
0,496
0,500
0,496
0,500
0,500
0,496
0,502
0,498
0,494
0,498
0,500
0,494
0,494
0,498
0,494
0,502
0,496
0,496
0,498
0,502
0,496
0,500
0,500
0,494
0,504
0,502
0,498
0,538
0,498
0,496
0,502
0,504
0,494
0,502
0,500
0,500
0,498
0,502
0,496
0,500
0,494
0,492
0,498
0,494
0,492
0,498
0,498
0,498
0,500
0,506
0,494
0,500
0,500
0,498
0,504
0,502
0,494
0,502
0,502
0,492
0,502
0,504
0,496
0,502
0,500
0,496
0,500
0,504
0,496
0,502
0,500
0,534
0,502
0,504
0,498
0,496
0,502
0,498
0,506
0,498
0,496
0,504
0,502
0,498
0,496
0,498
0,498
0,502
0,502
0,496
0,502
0,504
0,496
0,494
0,500
0,498
0,502
0,498
0,498
0,496
0,498
0,492
0,500
0,498
0,494
0,500
0,498
0,498
0,498
0,496
0,492
0,496
0,498
0,498
0,496
0,538
0,500
0,500
0,498
0,492
0,496
0,502
0,498
0,496
0,500
0,494
0,500
0,502
0,496
0,498
0,500
0,498
0,502
0,500
0,492
0,498
0,496
0,492
0,494
0,496
0,498
0,498
0,498
0,500
0,496
0,500
0,496
0,496
0,498
0,496
0,496
0,498
0,496
0,502
0,500
0,496
0,498
0,498
0,498
0,550
0,500
0,498
0,500
0,500
0,496
0,502
0,500
0,496
0,498
0,500
0,496
0,500
0,496
0,500
0,500
0,500
0,498
0,500
0,504
0,498
0,494
0,502
0,494
0,506
0,502
0,496
0,500
0,496
0,494
0,502
0,504
0,494
0,500
0,496
0,498
0,500
0,500
0,500
0,502
0,496
0,494
0,502
0,498
0,496
0,540
0,498
0,494
0,504
0,498
0,498
0,496
0,502
0,494
0,502
0,496
0,496
0,506
0,500
0,496
0,502
0,502
0,496
0,498
0,498
0,496
0,504
0,500
0,496
0,498
0,498
0,494
0,498
0,500
0,500
0,500
0,502
0,498
0,498
0,504
0,498
0,504
0,502
0,494
0,500
0,502
0,494
0,498
0,504
0,498
0,516
0,496
0,500
0,498
0,498
0,496
0,500
0,504
0,498
0,500
0,504
0,498
0,504
0,500
0,496
0,504
0,500
0,500
0,502
0,500
0,496
0,498
0,502
0,492
0,504
0,494
0,498
0,502
0,500
0,494
0,496
0,498
0,500
0,496
0,496
0,496
0,500
0,500
0,498
0,498
0,496
0,494
0,502
0,496
0,498
0,538
0,496
0,496
0,496
0,496
0,494
0,498
0,494
0,500
0,498
0,502
0,494
0,500
0,496
0,500
0,500
0,498
0,500
0,498
0,498
0,494
0,502
0,502
0,496
0,496
0,502
0,500
0,496
0,502
0,500
0,502
0,502
0,498
0,496
0,500
0,494
0,498
0,496
0,494
0,498
0,498
0,498
0,502
0,498
0,498
0,540
0,502
0,498
0,498
0,500
0,500
0,502
0,504
0,500
0,498
0,498
0,492
0,504
0,504
0,502
0,504
0,498
0,492
0,502
0,498
0,498
0,504
0,502
0,496
0,502
0,496
0,500
0,500
0,504
0,502
0,498
0,500
0,496
0,502
0,498
0,494
0,498
0,502
0,502
0,504
0,498
0,494
0,494
0,498
0,498
0,498
0,540
0,496
0,498
0,504
0,496
0,498
0,500
0,496
0,502
0,502
0,494
0,496
0,498
0,498
0,500
0,496
0,494
0,502
0,500
0,496
0,502
0,500
0,494
0,502
0,498
0,498
0,500
0,498
0,492
0,500
0,500
0,494
0,500
0,500
0,500
0,502
0,500
0,498
0,496
0,496
0,496
0,498
0,518
0,496
0,500
0,502
0,492
0,500
0,502
0,498
0,496
0,498
0,492
0,502
0,500
0,500
0,502
0,498
0,500
0,500
0,498
0,498
0,498
0,500
0,492
0,500
0,496
0,496
0,498
0,502
0,496
0,504
0,500
0,500
0,498
0,502
0,496
0,500
0,498
0,494
0,498
0,498
0,500
0,500
0,542
0,502
0,502
0,498
0,496
0,502
0,504
0,496
0,500
0,498
0,500
0,500
0,504
0,494
0,502
0,500
0,496
0,502
0,500
0,496
0,496
0,496
0,498
0,502
0,500
0,500
0,496
0,502
0,500
0,500
0,504
0,496
0,502
0,500
0,496
0,500
0,498
0,494
0,502
0,500
0,496
0,502
0,506
0,498
0,502
0,498
0,500
0,496
0,540
0,498
0,500
0,502
0,498
0,496
0,502
0,492
0,498
0,500
0,498
0,504
0,504
0,502
0,500
0,502
0,500
0,500
0,498
0,494
0,498
0,502
0,494
0,496
0,500
0,496
0,504
0,498
0,500
0,500
0,498
0,498
0,500
0,496
0,498
0,496
0,500
0,494
0,498
0,502
0,494
0,504
0,494
0,496
0,502
0,532
0,492
0,498
0,500
0,492
0,502
0,500
0,498
0,498
0,502
0,498
0,496
0,500
0,496
0,498
0,498
0,498
0,498
0,504
0,500
0,500
0,494
0,494
0,500
0,498
0,492
0,500
0,502
0,498
0,498
0,498
0,498
0,502
0,502
0,498
0,502
0,502
0,492
0,502
0,498
0,496
0,500
0,496
0,534
0,498
0,500
0,498
0,502
0,496
0,494
0,498
0,496
0,496
0,504
0,500
0,532
0,498
0,504
0,502
0,496
0,500
0,502
0,496
0,498
0,518
0,498
0,500
0,504
0,498
0,498
0,502
0,504
0,498
0,504
0,498
0,500
0,498
0,502
0,502
0,498
0,510
0,498
0,502
0,498
0,496
0,498
0,502
0,494
0,498
0,496
0,494
0,502
0,500
0,500
0,498
0,500
0,496
0,500
0,502
0,492
0,496
0,500
0,536
0,500
0,500
0,500
0,500
0,500
0,492
0,498
0,496
0,496
0,498
0,502
0,496
0,502
0,500
0,500
0,498
0,498
0,492
0,498
0,500
0,496
0,498
0,498
0,494
0,498
0,496
0,492
0,494
0,498
0,496
0,498
0,502
0,498
0,498
0,498
0,490
0,502
0,498
0,498
0,500
0,496
0,494
0,496
0,498
0,534
0,498
0,502
0,494
0,500
0,498
0,496
0,500
0,498
0,492
0,494
0,498
0,498
0,500
0,504
0,496
0,502
0,500
0,494
0,498
0,498
0,498
0,506
0,498
0,494
0,500
0,498
0,492
0,498
0,500
0,498
0,500
0,498
0,496
0,502
0,498
0,496
0,504
0,502
0,494
0,502
0,502
0,500
0,500
0,502
0,492
0,502
0,502
0,540
0,504
0,498
0,498
0,498
0,502
0,28908
0,500
0,496
0,500
0,494
0,492
0,502
0,500
0,494
0,502
0,500
0,494
0,498
0,498
0,500
0,494
0,498
0,506
0,498
0,498
0,496
0,500
0,494
0,498
0,498
0,500
0,502
0,494
0,502
0,496
0,496
0,504
0,496
0,502
0,494
0,494
0,498
0,494
0,492
0,502
0,500
0,492
0,500
0,494
0,498
0,498
0,498
0,510
0,496
0,498
0,494
0,502
0,496
0,498
0,500
0,500
0,492
0,496
0,502
0,496
0,498
0,504
0,494
0,496
0,498
0,498
0,500
0,504
0,496
0,498
0,498
0,498
0,502
0,498
0,498
0,500
0,500
0,498
0,498
0,496
0,500
0,502
0,500
0,500
0,498
0,506
0,498
0,496
0,498
0,500
0,504
0,502
0,498
0,500
0,504
0,530
0,496
0,498
0,498
0,504
0,498
0,500
0,502
0,506
0,496
0,498
0,504
0,498
0,502
0,498
0,498
0,500
0,498
0,498
0,500
0,504
0,498
0,498
0,504
0,498
0,502
0,496
0,496
0,498
0,498
0,500
0,502
0,498
0,492
0,506
0,502
0,496
0,502
0,502
0,496
0,500
0,496
0,490
0,494
0,494
0,498
0,498
0,536
0,502
0,500
0,494
0,496
0,498
0,502
0,498
0,498
0,496
0,498
0,500
0,498
0,498
0,498
0,502
0,500
0,502
0,500
0,496
0,500
0,498
0,498
0,498
0,504
0,494
0,502
0,496
0,494
0,494
0,502
0,496
0,502
0,502
0,492
0,498
0,500
0,490
0,500
0,502
0,494
0,502
0,498
0,498
0,502
0,500
0,496
0,498
0,500
0,492
0,538
0,500
0,502
0,502
0,500
0,496
0,502
0,500
0,496
0,502
0,502
0,496
0,498
0,502
0,494
0,500
0,502
0,492
0,502
0,502
0,500
0,498
0,502
0,496
0,500
0,502
0,496
0,500
0,502
0,496
0,502
0,502
0,500
0,500
0,496
0,494
0,504
0,502
0,492
0,500
0,502
0,500
0,502
0,496
0,496
0,538
0,502
0,498
0,504
0,500
0,498
0,502
0,502
0,500
0,506
0,502
0,494
0,496
0,502
0,494
0,504
0,498
0,498
0,498
0,500
0,498
0,502
0,504
0,496
0,498
0,498
0,496
0,500
0,496
0,498
0,502
0,498
0,496
0,502
0,502
0,492
0,500
0,502
0,492
0,500
0,496
0,500
0,500
0,494
0,496
0,502
0,498
0,498
0,502
0,500
0,496
0,494
0,494
0,534
0,498
0,500
0,492
0,498
0,500
0,500
0,496
0,502
0,496
0,502
0,500
0,498
0,502
0,500
0,494
0,500
0,498
0,496
0,504
0,500
0,498
0,502
0,500
0,492
0,502
0,502
0,494
0,498
0,498
0,490
0,502
0,494
0,492
0,498
0,502
0,498
0,500
0,500
0,500
0,500
0,498
0,496
0,500
0,502
0,498
0,498
0,500
0,498
0,502
0,538
0,496
0,496
0,502
0,498
0,500
0,500
0,500
0,504
0,504
0,498
0,496
0,502
0,494
0,492
0,502
0,498
0,496
0,496
0,496
0,496
0,500
0,496
0,496
0,496
0,500
0,498
0,502
0,498
0,502
0,502
0,492
0,506
0,506
0,494
0,498
0,504
0,500
0,496
0,502
0,492
0,500
0,500
0,492
0,498
0,500
0,498
0,496
0,540
0,496
0,498
0,500
0,496
0,496
0,500
0,494
0,502
0,498
0,502
0,494
0,504
0,498
0,496
0,502
0,494
0,500
0,500
0,494
0,498
0,498
0,500
0,496
0,500
0,498
0,504
0,498
0,498
0,494
0,504
0,496
0,506
0,502
0,494
0,502
0,504
0,500
0,500
0,498
0,494
0,500
0,500
0,500
0,500
0,536
0,496
0,498
0,500
0,490
0,502
0,498
0,492
0,496
0,498
0,496
0,502
0,496
0,496
0,498
0,498
0,498
0,502
0,500
0,496
0,492
0,500
0,492
0,502
0,500
0,498
0,498
0,496
0,494
0,496
0,500
0,492
0,504
0,502
0,500
0,502
0,502
0,498
0,502
0,500
0,496
0,498
0,502
0,496
0,500
0,502
0,498
0,542
0,500
0,494
0,502
0,498
0,496
0,498
0,500
0,498
0,496
0,496
0,496
0,502
0,502
0,498
0,502
0,504
0,498
0,500
0,502
0,496
0,504
0,496
0,492
0,504
0,504
0,498
0,502
0,502
0,492
0,500
0,502
0,498
0,502
0,500
0,498
0,504
0,496
0,500
0,498
0,504
0,500
0,504
0,502
0,494
0,504
0,498
0,498
0,506
0,504
0,492
0,500
0,538
0,494
0,502
0,500
0,546
0,500
0,498
0,496
0,496
0,494
0,502
0,498
0,496
0,512
0,496
0,498
0,498
0,504
0,498
0,498
0,498
0,498
0,498
0,494
0,502
0,506
0,504
0,492
0,500
0,494
0,494
0,498
0,504
0,496
0,502
0,502
0,498
0,498
0,498
0,496
0,502
0,496
0,496
0,500
0,494
0,498
0,496
0,504
0,496
0,498
0,500
0,492
0,500
0,500
0,490
0,498
0,502
0,496
0,500
0,496
0,498
0,502
0,498
0,494
0,498
0,498
0,542
0,496
0,498
0,492
0,502
0,496
0,500
0,502
0,504
0,496
0,500
0,506
0,498
0,502
0,502
0,494
0,500
0,500
0,496
0,500
0,504
0,496
0,500
0,498
0,496
0,498
0,498
0,496
0,504
0,500
0,496
0,502
0,498
0,492
0,496
0,502
0,496
0,500
0,504
0,496
0,506
0,502
0,494
0,506
0,502
0,490
0,498
0,496
0,496
0,496
0,516
0,496
0,502
0,498
0,498
0,502
0,506
0,500
0,500
0,498
0,498
0,502
0,498
0,498
0,500
0,496
0,494
0,500
0,504
0,492
0,500
0,500
0,492
0,500
0,500
0,492
0,498
0,498
0,492
0,504
0,498
0,494
0,502
0,502
0,494
0,500
0,502
0,498
0,500
0,496
0,490
0,500
0,498
0,498
0,500
0,504
0,538
0,500
0,500
0,492
0,502
0,498
0,494
0,502
0,498
0,494
0,496
0,502
0,490
0,500
0,498
0,496
0,500
0,500
0,496
0,494
0,500
0,494
0,502
0,500
0,494
0,498
0,496
0,492
0,500
0,494
0,496
0,502
0,496
0,490
0,498
0,496
0,492
0,504
0,496
0,498
0,500
0,496
0,496
0,500
0,538
0,498
0,500
0,504
0,494
0,502
0,500
0,494
0,500
0,494
0,494
0,496
0,504
0,502
0,500
0,500
0,496
0,504
0,500
0,494
0,496
0,496
0,494
0,500
0,498
0,500
0,500
0,498
0,500
0,498
0,498
0,492
0,504
0,496
0,496
0,502
0,502
0,502
0,500
0,504
0,500
0,504
0,500
0,492
0,502
0,498
0,500
0,502
0,540
0,496
0,502
0,500
0,500
0,506
0,496
0,492
0,500
0,504
0,500
0,502
0,500
0,518
0,528
0,500
0,522
0,504
0,528
0,540
0,520
0,520
0,516
0,520
0,518
0,520
0,522
0,524
0,514
0,520
0,524
0,520
0,520
0,516
0,514
0,522
0,520
0,520
0,524
0,520
0,514
0,524
0,524
0,516
0,522
0,520
0,558
0,526
0,524
0,518
0,524
0,524
0,514
0,524
0,520
0,518
0,522
0,522
0,522
0,522
0,518
0,520
0,520
0,516
0,516
0,516
0,524
0,510
0,518
0,520
0,520
0,520
0,520
0,514
0,524
0,522
0,516
0,520
0,518
0,518
0,524
0,524
0,518
0,520
0,518
0,512
0,524
0,524
0,516
0,520
0,518
0,514
0,562
0,520
0,520
0,522
0,524
0,520
0,520
0,518
0,516
0,518
0,524
0,510
0,522
0,520
0,520
0,526
0,518
0,514
0,522
0,518
0,520
0,520
0,516
0,518
0,526
0,524
0,520
0,526
0,518
0,522
0,522
0,516
0,520
0,520
0,522
0,520
0,514
0,520
0,516
0,520
0,524
0,518
0,524
0,528
0,516
0,564
0,522
0,516
0,518
0,522
0,520
0,520
0,520
0,514
0,520
0,524
0,522
0,518
0,520
0,520
0,518
0,524
0,520
0,516
0,522
0,516
0,520
0,518
0,518
0,518
0,526
0,516
0,526
0,522
0,518
0,524
0,518
0,518
0,524
0,524
0,522
0,518
0,522
0,520
0,518
0,524
0,516
0,2216
0,1004
0,498
0,502
0,502
0,542
0,496
0,498
0,492
0,500
0,498
0,490
0,494
0,498
0,494
0,500
0,494
0,496
0,498
0,496
0,500
0,496
0,494
0,496
0,496
0,498
0,494
0,500
0,502
0,492
0,494
0,500
0,496
0,498
0,494
0,496
0,498
0,500
0,492
0,502
0,502
0,498
0,504
0,496
0,496
0,498
0,496
0,492
0,502
0,502
0,534
0,498
0,498
0,496
0,494
0,500
0,498
0,498
0,500
0,498
0,498
0,500
0,498
0,502
0,498
0,498
0,496
0,498
0,496
0,502
0,494
0,498
0,500
0,504
0,494
0,502
0,498
0,500
0,496
0,498
0,494
0,500
0,500
0,498
0,496
0,500
0,498
0,500
0,504
0,496
0,498
0,498
0,498
0,498
0,496
0,494
0,500
0,506
0,496
0,556
0,492
0,498
0,500
0,500
0,504
0,498
0,496
0,496
0,500
0,494
0,500
0,498
0,496
0,500
0,502
0,496
0,500
0,498
0,494
0,502
0,502
0,496
0,502
0,496
0,494
0,498
0,504
0,498
0,500
0,502
0,494
0,18676
0,498
0,502
0,496
0,502
0,500
0,492
0,494
0,496
0,494
0,502
0,498
0,500
0,496
0,500
0,498
0,502
0,498
0,494
0,498
0,496
0,492
0,498
0,500
0,492
0,498
0,496
0,510
0,494
0,500
0,492
0,496
0,502
0,498
0,502
0,496
0,496
0,500
0,504
0,496
0,498
0,500
0,508
0,496
0,500
0,496
0,498
0,502
0,492
0,498
0,500
0,498
0,504
0,498
0,498
0,504
0,500
0,496
0,504
0,506
0,500
0,502
0,504
0,492
0,496
0,498
0,496
0,506
0,496
0,498
0,502
0,506
0,498
0,502
0,502
0,496
0,496
0,504
0,492
0,520
0,524
0,610
0,534
0,520
0,546
0,520
0,526
0,574
0,524
0,524
0,518
0,522
0,522
0,520
0,522
0,520
0,514
0,518
0,526
0,520
0,520
0,520
0,516
0,522
0,522
0,518
0,516
0,520
0,518
0,520
0,520
0,514
0,522
0,526
0,520
0,520
0,520
0,518
0,520
0,524
0,518
0,520
0,554
0,532
0,518
0,516
0,512
0,518
0,518
0,530
0,522
0,524
0,522
0,522
0,520
0,524
0,520
0,522
0,526
0,516
0,516
0,518
0,520
0,518
0,518
0,518
0,524
0,524
0,518
0,520
0,516
0,516
0,526
0,518
0,518
0,520
0,524
0,520
0,520
0,520
0,518
0,516
0,524
0,520
0,520
0,522
0,520
0,526
0,516
0,518
0,520
0,524
0,518
0,524
0,518
0,516
0,566
0,520
0,522
0,522
0,524
0,516
0,524
0,518
0,518
0,520
0,524
0,518
0,528
0,520
0,518
0,522
0,522
0,516
0,524
0,524
0,520
0,518
0,520
0,518
0,524
0,520
0,520
0,522
0,522
0,520
0,518
0,520
0,516
0,520
0,520
0,516
0,522
0,520
0,516
0,518
0,518
0,516
0,516
0,526
0,520
0,522
0,538
0,514
0,522
0,522
0,516
0,520
0,524
0,516
0,522
0,516
0,520
0,518
0,524
0,516
0,522
0,522
0,512
0,520
0,520
0,522
0,518
0,516
0,516
0,520
0,518
0,510
0,522
0,518
0,516
0,522
0,524
0,516
0,518
0,518
0,518
0,520
0,520
0,518
0,520
0,522
0,518
0,522
0,520
0,1132
0,2608
0,538
0,498
0,502
0,500
0,490
0,500
0,502
0,492
0,498
0,496
0,494
0,496
0,498
0,496
0,496
0,494
0,494
0,500
0,496
0,496
0,496
0,500
0,492
0,498
0,502
0,496
0,502
0,502
0,492
0,502
0,504
0,488
0,500
0,498
0,496
0,502
0,494
0,494
0,500
0,500
0,496
0,502
0,496
0,498
0,498
0,542
0,500
0,502
0,498
0,494
0,500
0,496
0,500
0,500
0,500
0,496
0,498
0,496
0,494
0,500
0,498
0,492
0,500
0,496
0,494
0,502
0,498
0,500
0,502
0,502
0,494
0,500
0,504
0,492
0,498
0,504
0,494
0,502
0,498
0,496
0,500
0,502
0,492
0,500
0,502
0,496
0,502
0,500
0,494
0,500
0,502
0,496
0,498
0,540
0,496
0,494
0,500
0,492
0,496
0,498
0,498
0,498
0,502
0,496
0,498
0,500
0,492
0,498
0,494
0,492
0,498
0,500
0,498
0,496
0,502
0,492
0,502
0,494
0,498
0,502
0,496
0,492
0,500
0,496
0,494
0,496
0,496
0,494
0,496
0,494
0,488
0,494
0,494
0,492
0,500
0,504
0,490
0,498
0,504
0,494
0,502
0,496
0,492
0,502
0,552
0,496
0,498
0,496
0,492
0,496
0,500
0,496
0,494
0,498
0,498
0,496
0,500
0,494
0,500
0,492
0,500
0,498
0,496
0,490
0,498
0,496
0,498
0,536
0,496
0,496
0,522
0,500
0,510
0,550
0,518
0,518
0,524
0,518
0,512
0,518
0,522
0,512
0,524
0,520
0,514
0,522
0,516
0,514
0,524
0,520
0,520
0,566
0,520
0,516
0,518
0,520
0,516
0,524
0,522
0,512
0,518
0,524
0,518
0,524
0,526
0,520
0,520
0,524
0,518
0,522
0,522
0,520
0,520
0,516
0,518
0,524
0,518
0,522
0,524
0,520
0,520
0,526
0,524
0,514
0,520
0,520
0,518
0,516
0,524
0,520
0,518
0,518
0,520
0,520
0,520
0,522
0,520
0,516
0,516
0,562
0,518
0,518
0,518
0,518
0,518
0,522
0,522
0,514
0,520
0,522
0,518
0,516
0,522
0,512
0,514
0,518
0,516
0,518
0,516
0,512
0,520
0,522
0,518
0,518
0,524
0,512
0,518
0,518
0,520
0,522
0,520
0,516
0,514
0,518
0,510
0,520
0,520
0,512
0,518
0,516
0,512
0,522
0,522
0,512
0,598
0,518
0,514
0,522
0,522
0,520
0,522
0,518
0,516
0,522
0,518
0,512
0,520
0,520
0,518
0,520
0,520
0,518
0,522
0,520
0,514
0,520
0,522
0,516
0,522
0,518
0,512
0,524
0,520
0,514
0,522
0,520
0,522
0,520
0,522
0,522
0,524
0,520
0,514
0,520
0,524
0,518
0,524
0,524
0,512
0,526
0,524
0,560
0,526
0,526
0,518
0,526
0,518
0,516
0,526
0,522
0,522
0,524
0,520
0,518
0,518
0,520
0,520
0,524
0,516
0,516
0,520
0,518
0,516
0,522
0,524
0,520
0,522
0,522
0,518
0,524
0,520
0,520
0,522
0,522
0,516
0,518
0,522
0,520
0,520
0,522
0,518
0,524
0,516
0,518
0,512
0,516
0,516
0,516
0,518
0,518
0,520
0,542
0,520
0,522
0,520
0,516
0,520
0,522
0,518
0,514
0,520
0,518
0,522
0,516
0,518
0,518
0,522
0,518
0,524
0,520
0,512
0,516
0,520
0,514
0,516
0,518
0,518
0,520
0,520
0,522
0,520
0,524
0,512
0,514
0,518
0,520
0,520
0,516
0,518
0,524
0,518
0,514
0,524
0,518
0,518
0,524
0,518
0,520
0,518
0,562
0,514
0,516
0,524
0,514
0,518
0,522
0,522
0,522
0,524
0,518
0,518
0,520
0,520
0,518
0,518
0,518
0,522
0,522
0,518
0,522
0,514
0,518
0,526
0,520
0,516
0,520
0,520
0,514
0,524
0,520
0,522
0,520
0,520
0,520
0,520
0,520
0,522
0,524
0,522
0,516
0,522
0,520
0,518
0,518
0,522
0,520
0,518
0,520
0,518
0,564
0,526
0,516
0,522
0,520
0,520
0,518
0,518
0,512
0,522
0,520
0,524
0,522
0,520
0,512
0,522
0,520
0,516
0,518
0,516
0,516
0,520
0,524
0,518
0,520
0,520
0,516
0,516
0,518
0,512
0,518
0,520
0,516
0,514
0,524
0,514
0,522
0,522
0,518
0,522
0,522
0,520
0,518
0,520
0,518
0,560
0,520
0,514
0,516
0,520
0,512
0,520
0,522
0,3754
0,498
0,502
0,492
0,500
0,604
0,506
0,498
0,494
0,500
0,504
0,494
0,500
0,502
0,492
0,494
0,496
0,492
0,494
0,498
0,492
0,498
0,498
0,496
0,500
0,494
0,496
0,504
0,514
0,494
0,504
0,498
0,498
0,506
0,502
0,498
0,498
0,496
0,498
0,504
0,496
0,492
0,500
0,498
0,498
0,498
0,494
0,498
0,500
0,500
0,492
0,502
0,500
0,496
0,498
0,502
0,494
0,500
0,498
0,496
0,500
0,498
0,492
0,502
0,502
0,496
0,502
0,502
0,494
0,502
0,502
0,530
0,498
0,502
0,494
0,494
0,498
0,496
0,504
0,494
0,492
0,494
0,498
0,492
0,500
0,502
0,498
0,500
0,496
0,490
0,502
0,500
0,496
0,494
0,498
0,498
0,500
0,500
0,492
0,500
0,500
0,492
0,500
0,498
0,494
0,498
0,498
0,498
0,496
0,500
0,492
0,498
0,496
0,496
0,498
0,546
0,534
0,546
0,518
0,526
0,538
0,522
0,512
0,520
0,516
0,512
0,514
0,524
0,512
0,524
0,520
0,520
0,516
0,522
0,520
0,520
0,516
0,514
0,522
0,520
0,516
0,524
0,522
0,516
0,520
0,524
0,520
0,522
0,516
0,520
0,518
0,522
0,518
0,520
0,520
0,518
0,520
0,524
0,520
0,516
0,526
0,558
0,522
0,516
0,518
0,524
0,516
0,516
0,522
0,526
0,518
0,518
0,518
0,522
0,522
0,518
0,514
0,520
0,524
0,520
0,526
0,524
0,520
0,522
0,528
0,520
0,522
0,520
0,522
0,524
0,518
0,514
0,524
0,524
0,518
0,522
0,520
0,516
0,522
0,518
0,516
0,522
0,522
0,522
0,522
0,522
0,558
0,524
0,522
0,516
0,522
0,520
0,520
0,520
0,520
0,516
0,520
0,524
0,518
0,520
0,522
0,518
0,526
0,520
0,516
0,524
0,524
0,520
0,522
0,520
0,520
0,524
0,522
0,516
0,518
0,522
0,512
0,524
0,522
0,514
0,520
0,522
0,520
0,524
0,518
0,518
0,520
0,522
0,512
0,524
0,576
0,516
0,524
0,522
0,516
0,522
0,520
0,514
0,524
0,524
0,518
0,518
0,518
0,516
0,524
0,520
0,518
0,516
0,520
0,518
0,522
0,520
0,518
0,524
0,520
0,516
0,514
0,522
0,514
0,524
0,518
0,516
0,522
0,520
0,512
0,522
0,520
0,512
0,522
0,520
0,514
0,520
0,518
0,520
0,560
0,518
0,516
0,518
0,520
0,518
0,522
0,524
0,520
0,518
0,518
0,516
0,522
0,524
0,514
0,520
0,520
0,518
0,522
0,516
0,520
0,524
0,520
0,518
0,522
0,518
0,522
0,518
0,526
0,518
0,520
0,524
0,520
0,520
0,520
0,514
0,522
0,524
0,518
0,520
0,524
0,524
0,522
0,526
0,522
0,536
0,524
0,520
0,526
0,516
0,518
0,524
0,518
0,520
0,520
0,518
0,522
0,522
0,524
0,522
0,524
0,518
0,518
0,520
0,520
0,520
0,516
0,522
0,514
0,524
0,524
0,518
0,520
0,520
0,516
0,524
0,518
0,512
0,520
0,518
0,524
0,524
0,520
0,512
0,522
0,522
0,516
0,524
0,524
0,518
0,520
0,524
0,556
0,522
0,522
0,512
0,520
0,522
0,514
0,524
0,522
0,514
0,520
0,514
0,516
0,516
0,514
0,518
0,518
0,524
0,514
0,520
0,520
0,522
0,524
0,516
0,518
0,522
0,518
0,514
0,524
0,518
0,518
0,520
0,520
0,514
0,518
0,516
0,514
0,522
0,520
0,516
0,524
0,522
0,516
0,524
0,562
0,520
0,522
0,520
0,518
0,524
0,518
0,520
0,524
0,520
0,518
0,520
0,520
0,516
0,522
0,522
0,518
0,520
0,522
0,518
0,520
0,520
0,512
0,516
0,522
0,518
0,522
0,522
0,522
0,520
0,524
0,520
0,522
0,524
0,522
0,522
0,518
0,514
0,524
0,524
0,520
0,526
0,516
0,518
0,522
0,558
0,516
0,518
0,524
0,518
0,526
0,518
0,516
0,518
0,520
0,516
0,520
0,524
0,516
0,520
0,526
0,514
0,524
0,522
0,520
0,520
0,522
0,514
0,516
0,516
0,512
0,520
0,526
0,514
0,524
0,518
0,518
0,518
0,516
0,514
0,524
0,524
0,514
0,520
0,516
0,518
0,522
0,516
0,518
0,522
0,566
0,516
0,522
0,516
0,518
0,516
0,518
0,514
0,520
0,520
0,514
0,514
0,520
0,514
0,522
0,514
0,512
0,522
0,516
0,520
0,520
0,518
0,514
0,520
0,518
0,516
0,518
0,522
0,518
0,516
0,514
0,518
0,520
0,524
0,514
0,524
0,520
0,518
0,524
0,524
0,518
0,524
0,522
0,520
0,520
0,562
0,514
0,522
0,518
0,514
0,522
0,520
0,520
0,524
0,524
0,520
0,520
0,520
0,516
0,520
0,520
0,516
0,524
0,522
0,520
0,520
0,526
0,520
0,520
0,524
0,520
0,518
0,520
0,520
0,522
0,524
0,516
0,518
0,522
0,520
0,518
0,522
0,520
0,520
0,524
0,516
0,524
0,526
0,520
0,524
0,566
0,518
0,526
0,520
0,518
0,520
0,522
0,520
0,522
0,520
0,520
0,522
0,518
0,518
0,522
0,526
0,520
0,518
0,522
0,518
0,518
0,522
0,518
0,516
0,522
0,512
0,520
0,520
0,514
0,522
0,520
0,520
0,524
0,520
0,514
0,522
0,516
0,518
0,524
0,518
0,512
0,516
0,522
0,520
0,560
0,518
0,520
0,516
0,516
0,520
0,520
0,518
0,520
0,522
0,518
0,514
0,526
0,524
0,518
0,518
0,522
0,512
0,520
0,518
0,514
0,518
0,520
0,514
0,516
0,518
0,518
0,514
0,518
0,514
0,520
0,520
0,520
0,520
0,566
0,522
0,522
0,530
0,514
0,522
0,526
0,518
0,524
0,516
0,512
0,524
0,522
0,516
0,524
0,518
0,520
0,516
0,524
0,520
0,524
0,522
0,518
0,524
0,516
0,518
0,524
0,524
0,516
0,518
0,520
0,522
0,520
0,522
0,518
0,522
0,518
0,520
0,522
0,544
0,516
0,522
0,524
0,516
0,524
0,526
0,522
0,524
0,524
0,518
0,524
0,522
0,520
0,526
0,520
0,514
0,524
0,524
0,520
0,522
0,524
0,520
0,524
0,522
0,518
0,524
0,518
0,516
0,522
0,518
0,512
0,526
0,516
0,520
0,524
0,526
0,520
0,518
0,524
0,518
0,518
0,520
0,514
0,520
0,558
0,514
0,522
0,522
0,520
0,516
0,526
0,516
0,516
0,522
0,516
0,520
0,518
0,518
0,524
0,516
0,518
0,524
0,520
0,518
0,522
0,518
0,516
0,520
0,516
0,520
0,524
0,522
0,514
0,520
0,520
0,516
0,522
0,524
0,516
0,520
0,518
0,514
0,524
0,518
0,512
0,524
0,520
0,518
0,522
0,560
0,520
0,522
0,514
0,520
0,524
0,518
0,542
0,546
0,520
0,562
0,546
0,542
0,544
0,544
0,542
0,538
0,550
0,542
0,542
0,548
0,548
0,540
0,540
0,544
0,542
0,544
0,550
0,542
0,548
0,544
0,542
0,540
0,546
0,546
0,544
0,544
0,544
0,548
0,544
0,540
0,544
0,542
0,538
0,550
0,616
0,538
0,548
0,540
0,542
0,550
0,546
0,540
0,550
0,546
0,540
0,544
0,548
0,540
0,548
0,546
0,542
0,546
0,548
0,544
0,546
0,540
0,536
0,550
0,546
0,538
0,540
0,544
0,542
0,542
0,548
0,544
0,550
0,544
0,538
0,548
0,546
0,540
0,542
0,546
0,540
0,544
0,540
0,542
0,542
0,588
0,540
0,544
0,544
0,540
0,546
0,546
0,542
0,544
0,546
0,542
0,546
0,546
0,536
0,544
0,548
0,538
0,546
0,542
0,534
0,544
0,546
0,542
0,542
0,546
0,544
0,544
0,548
0,540
0,542
0,546
0,538
0,546
0,546
0,542
0,546
0,546
0,540
0,546
0,542
0,542
0,548
0,544
0,544
0,586
0,546
0,544
0,544
0,542
0,538
0,544
0,544
0,540
0,544
0,546
0,536
0,546
0,544
0,542
0,546
0,544
0,542
0,544
0,550
0,542
0,548
0,550
0,540
0,548
0,546
0,542
0,544
0,546
0,536
0,548
0,548
0,544
0,546
0,546
0,540
0,544
0,548
0,540
0,546
0,546
0,542
0,544
0,542
0,582
0,548
0,544
0,544
0,548
0,542
0,542
0,546
0,546
0,538
0,544
0,550
0,546
0,548
0,540
0,544
0,550
0,546
0,542
0,550
0,540
0,536
0,544
0,544
0,538
0,542
0,540
0,546
0,548
0,544
0,542
0,546
0,540
0,542
0,548
0,548
0,540
0,540
0,544
0,538
0,548
0,542
0,540
0,544
0,540
0,582
0,542
0,544
0,542
0,546
0,544
0,542
0,546
0,544
0,540
0,542
0,546
0,536
0,546
0,540
0,538
0,544
0,546
0,542
0,540
0,542
0,534
0,544
0,544
0,538
0,542
0,540
0,538
0,548
0,542
0,540
0,544
0,542
0,538
0,546
0,548
0,544
0,540
0,544
0,536
0,546
0,544
0,542
0,592
0,544
0,544
0,544
0,548
0,540
0,544
0,546
0,540
0,548
0,546
0,538
0,542
0,546
0,540
0,546
0,548
0,544
0,546
0,546
0,542
0,546
0,546
0,546
0,546
0,546
0,544
0,548
0,550
0,542
0,548
0,548
0,540
0,546
0,544
0,536
0,544
0,544
0,544
0,548
0,546
0,542
0,544
0,544
0,538
0,598
0,544
0,546
0,548
0,544
0,540
0,548
0,552
0,542
0,544
0,548
0,544
0,550
0,548
0,546
0,542
0,548
0,538
0,542
0,542
0,536
0,542
0,546
0,544
0,540
0,542
0,542
0,550
0,548
0,540
0,550
0,544
0,538
0,544
0,542
0,538
0,542
0,548
0,540
0,540
0,542
0,542
0,542
0,544
0,544
0,540
0,546
0,576
0,546
0,544
0,534
0,542
0,2098
0,1614
0,522
0,520
0,516
0,518
0,518
0,518
0,520
0,520
0,514
0,518
0,522
0,516
0,518
0,516
0,728
0,694
0,740
0,744
0,792
0,776
0,758
0,534
0,710
0,608
0,730
0,792
0,764
0,626
0,746
0,580
0,624
0,686
0,670
0,654
0,590
0,574
0,610
0,674
0,564
0,884
0,914
0,566
0,706
0,636
0,576
0,560
0,606
0,604
0,652
0,596
0,548
0,612
0,782
0,534
0,736
0,654
0,928
0,520
0,522
0,538
0,560
0,542
0,528
0,598
0,590
0,650
0,588
0,538
0,540
0,544
0,564
0,542
0,560
0,636
0,672
0,560
0,752
0,792
0,784
0,716
0,768
0,766
0,660
0,590
0,604
0,620
0,692
0,716
0,1024
0,784
0,658
0,576
0,598
0,546
0,736
0,562
0,672
0,584
0,548
0,566
0,656
0,552
0,552
0,614
0,636
0,554
0,694
0,600
0,598
0,636
0,676
0,1144
0,732
0,728
0,750
0,688
0,692
0,758
0,712
0,730
0,802
0,782
0,784
0,772
0,752
0,724
0,574
0,636
0,702
0,604
0,564
0,558
0,594
0,578
0,524
0,528
0,610
0,544
0,530
0,616
0,572
0,556
0,546
0,526
0,538
0,522
0,800
0,592
0,644
0,620
0,574
0,688
0,528
0,530
0,532
0,530
0,538
0,544
0,1114
0,972
0,680
0,530
0,560
0,636
0,572
0,522
0,528
0,538
0,572
0,532
0,588
0,534
0,662
0,546
0,616
0,550
0,536
0,540
0,550
0,534
0,544
0,610
0,558
0,626
0,772
0,576
0,676
0,602
0,824
0,648
0,698
0,702
0,702
0,712
0,686
0,758
0,776
0,616
0,576
0,626
0,598
0,526
0,760
0,568
0,646
0,784
0,736
0,612
0,604
0,724
0,722
0,668
0,666
0,700
0,646
0,672
0,704
0,644
0,762
0,700
0,606
0,708
0,630
0,694
0,746
0,676
0,582
0,676
0,726
0,676
0,662
0,570
0,774
0,732
0,578
0,674
0,542
0,630
0,654
0,714
0,652
0,720
0,640
0,722
0,572
0,738
0,720
0,688
0,654
0,690
0,732
0,718
0,690
0,678
0,684
0,612
0,762
0,770
0,644
0,736
0,608
0,528
0,540
0,614
0,562
0,600
0,716
0,742
0,894
0,606
0,636
0,560
0,604
0,668
0,668
0,748
0,642
0,562
0,642
0,570
0,606
0,596
0,746
0,558
0,592
0,622
0,658
0,684
0,722
0,834
0,602
0,628
0,728
0,690
0,576
0,620
0,584
0,648
0,684
0,642
0,592
0,630
0,544
0,646
0,632
0,536
0,784
0,656
0,628
0,632
0,662
0,608
0,602
0,662
0,658
0,710
0,690
0,536
0,618
0,918
0,638
0,766
0,698
0,746
0,704
0,568
0,562
0,546
0,768
0,634
0,664
0,582
0,734
0,634
0,670
0,544
0,624
0,784
0,790
0,672
0,742
0,698
0,656
0,566
0,598
0,698
0,568
0,838
0,586
0,642
0,680
0,658
0,574
0,576
0,798
0,770
0,754
0,566
0,596
0,572
0,614
0,556
0,644
0,720
0,680
0,1090
0,772
0,594
0,716
0,748
0,762
0,730
0,676
0,574
0,744
0,572
0,550
0,606
0,652
0,640
0,584
0,656
0,768
0,590
0,758
0,818
0,662
0,562
0,682
0,624
0,700
0,548
0,706
0,630
0,706
0,732
0,676
0,576
0,662
0,556
0,702
0,592
0,708
0,816
0,586
0,624
0,678
0,630
0,752
0,788
0,586
0,570
0,668
1,702
1,1080
1,1142
1,890
1,674
1,694
1,742
1,880
1,736
1,794
1,728
1,598
1,578
1,590
1,564
1,566
1,570
1,590
1,570
1,562
1,590
1,588
1,566
1,566
1,568
1,562
1,568
1,568
1,566
1,566
1,562
1,588
1,560
1,570
1,564
1,566
1,572
1,566
1,568
1,566
1,566
1,564
1,566
1,566
1,564
1,568
1,558
1,560
1,566
1,758
1,622
1,674
1,856
1,770
1,698
1,602
1,578
1,624
1,568
1,568
1,566
1,570
1,566
1,564
1,564
1,566
1,564
1,564
1,566
1,568
1,562
1,566
1,568
1,564
1,566
1,568
1,564
1,568
1,560
1,568
1,564
1,568
1,568
1,566
1,564
1,564
1,570
1,566
1,570
1,566
1,570
1,564
1,568
1,562
1,564
1,562
1,562
1,564
1,572
1,564
1,566
1,566
1,564
1,564
1,566
1,564
1,566
1,564
1,564
1,566
1,574
1,566
1,566
1,562
1,568
1,598
1,576
1,568
1,570
1,946
1,650
1,714
1,804
1,1258
1,1060
1,586
1,556
1,550
1,554
1,564
1,556
1,552
1,548
1,552
1,556
1,554
1,552
1,552
1,554
1,554
1,558
1,562
1,550
1,556
1,552
1,550
1,554
1,552
1,550
1,548
1,554
1,550
1,554
1,556
1,552
1,554
1,554
1,554
1,548
1,554
1,554
1,550
1,552
1,554
1,556
1,552
1,548
1,550
1,546
1,550
1,558
1,554
1,552
1,550
1,550
1,550
1,550
1,554
1,550
1,556
1,556
1,556
1,550
1,550
1,550
1,556
1,550
1,550
1,550
1,556
1,558
1,548
1,554
1,552
1,552
1,550
1,558
1,594
1,556
1,554
1,556
1,552
1,550
1,550
1,548
1,546
1,548
1,528
1,528
1,534
1,532
1,528
1,528
1,524
1,526
1,528
1,528
1,526
1,528
1,530
1,530
1,528
1,522
1,522
1,542
1,526
1,526
1,528
1,526
1,530
1,542
1,518
1,516
1,514
1,516
1,520
1,516
1,518
1,522
1,516
1,518
1,516
1,520
1,514
1,512
1,514
1,518
1,520
1,518
1,516
1,516
1,512
1,514
1,560
1,514
1,516
1,514
1,516
1,518
1,516
1,516
1,518
1,516
1,518
1,512
1,514
1,518
1,516
1,516
1,518
1,516
1,516
1,516
1,514
1,520
1,516
1,516
1,520
1,512
1,514
1,514
1,514
1,514
1,516
1,512
1,552
1,544
1,544
1,540
1,544
1,540
1,544
1,540
1,542
1,538
1,542
1,536
1,542
1,540
1,542
1,538
1,540
1,542
1,536
1,536
1,540
1,678
1,706
1,754
1,610
1,912
1,532
1,1290
1,566
1,724
1,764
1,872
1,640
1,636
1,564
1,562
1,762
1,644
1,614
1,574
1,598
1,880
1,780
1,682
1,686
1,572
1,756
1,660
1,522
1,556
1,554
1,550
1,1374
1,886
1,974
1,768
1,690
1,878
1,724
1,800
1,876
1,888
1,912
1,924
1,908
1,928
1,860
1,878
1,882
1,878
1,890
1,910
1,898
1,852
1,942
1,840
1,822
1,860
1,804
1,826
1,850
1,886
1,858
1,856
1,844
1,848
1,912
1,870
1,858
1,852
1,858
1,876
1,872
1,870
1,858
1,912
1,798
1,814
1,890
1,818
1,810
1,804
1,864
1,856
1,856
1,852
1,898
1,842
1,828
1,826
1,816
1,826
1,816
1,834
1,820
1,832
1,852
1,820
1,814
1,908
1,824
1,902
1,838
1,850
1,862
1,864
1,864
1,870
1,846
1,864
1,884
1,862
1,874
1,890
1,884
1,864
1,892
1,900
1,902
1,868
1,900
1,876
1,858
1,864
1,880
1,872
1,880
1,850
1,834
1,886
1,862
1,830
1,836
1,872
1,880
1,826
1,870
1,866
1,882
1,876
1,868
1,810
1,854
1,808
1,838
1,848
1,816
1,830
1,654
1,774
1,816
1,802
1,756
1,798
1,802
1,834
1,806
1,808
1,818
1,798
1,774
1,728
1,802
1,804
1,754
1,774
1,810
1,796
1,816
1,806
1,778
1,770
1,802
1,794
1,810
1,796
1,812
1,796
1,802
1,768
1,850
1,778
1,794
1,808
1,808
1,802
1,816
1,858
1,802
1,814
1,818
1,816
1,818
1,838
1,792
1,798
1,796
1,766
1,790
1,804
1,792
1,818
1,786
1,842
1,820
1,850
1,832
1,794
1,830
1,748
1,794
1,858
1,810
1,752
1,778
1,756
1,822
1,856
1,826
1,828
1,860
1,838
1,860
1,866
1,818
1,810
1,788
1,810
1,830
1,896
1,830
1,868
1,828
1,838
1,832
1,844
1,824
1,848
1,830
1,838
1,812
1,838
1,774
1,774
1,890
1,808
1,552
1,550
1,572
1,620
1,516
1,624
1,638
1,636
1,708
1,586
1,560
1,566
1,532
1,548
1,590
1,598
1,610
1,634
1,530
1,634
1,836
1,608
1,564
1,864
1,632
1,540
1,574
1,542
1,530
1,550
1,712
1,642
1,758
1,658
1,598
1,650
1,658
1,590
1,664
1,640
1,536
1,818
1,848
1,556
1,710
1,542
1,722
1,544
1,956
1,710
1,584
1,674
1,664
1,620
1,674
1,634
1,578
1,584
1,596
1,504
1,596
1,608
1,520
1,634
1,534
1,636
1,564
1,672
1,656
1,652
1,536
1,590
1,652
1,524
1,590
1,620
1,668
1,920
1,622
1,652
1,730
1,620
1,1004
1,704
1,528
1,586
1,654
1,692
1,834
1,722
1,910
1,708
1,570
1,904
1,578
1,570
1,644
1,650
1,640
1,578
1,626
1,632
1,840
1,640
1,566
1,598
1,594
1,594
1,706
1,728
1,752
1,552
1,722
1,676
1,622
1,566
1,760
1,754
1,672
1,682
1,646
1,836
1,692
1,680
1,674
1,734
1,654
1,694
1,618
1,620
1,954
1,600
1,568
1,836
1,648
1,566
1,588
1,670
1,722
1,586
1,608
1,566
1,584
1,538
1,540
1,538
1,538
1,538
1,542
1,542
1,538
1,536
1,540
1,542
1,540
1,548
1,542
1,540
1,546
1,540
1,542
1,540
1,540
1,540
1,538
1,542
1,544
1,540
1,540
1,580
1,542
1,540
1,538
1,542
1,534
1,538
1,542
1,536
1,538
1,540
1,542
1,540
1,538
1,542
1,536
1,542
1,542
1,544
1,546
1,538
1,540
1,540
1,538
1,552
1,538
1,542
1,536
1,3104
1,528
1,526
1,528
1,530
1,526
1,524
1,528
1,528
1,528
1,526
1,528
1,528
1,526
1,528
1,530
1,524
1,524
1,526
1,528
1,526
1,524
1,528
1,530
1,526
1,524
1,628
1,526
1,516
1,518
1,520
1,520
1,512
1,514
1,514
1,514
1,516
1,514
1,516
1,516
1,514
1,516
1,516
1,516
1,512
1,520
1,514
1,514
1,516
1,518
1,518
1,514
1,558
1,518
1,514
1,516
1,520
1,516
1,516
1,514
1,514
1,518
1,518
1,520
1,512
1,516
1,514
1,516
1,514
1,534
1,536
1,538
1,540
1,538
1,540
1,538
1,538
1,536
1,582
1,542
1,538
1,538
1,540
1,536
1,538
1,540
1,536
1,536
1,538
1,538
1,540
1,538
1,540
1,542
1,542
1,538
1,542
1,536
1,538
1,538
1,534
1,540
1,536
1,542
1,536
1,538
1,540
1,540
1,540
1,538
1,540
1,540
1,540
1,542
1,540
1,536
1,538
1,538
1,538
1,540
1,540
1,540
1,556
1,540
1,540
1,538
1,538
1,544
1,540
1,536
1,546
1,538
1,546
1,536
1,540
1,538
1,538
1,534
1,542
1,540
1,538
1,540
1,540
1,540
1,604
1,592
1,542
1,542
1,544
1,540
1,540
1,534
1,538
1,538
1,544
1,536
1,542
1,544
1,538
1,542
1,536
1,538
1,538
1,536
1,536
1,542
1,542
1,540
1,542
1,538
1,542
1,540
1,538
1,540
1,548
1,540
1,534
1,542
1,542
1,544
1,542
1,536
1,538
1,538
1,582
1,542
1,536
1,542
1,538
1,538
1,538
1,540
1,534
1,542
1,546
1,544
1,540
1,540
1,542
1,542
1,542
1,544
1,536
1,536
1,542
1,538
1,538
1,540
1,542
1,544
1,538
1,536
1,548
1,536
1,588
1,540
1,540
1,540
1,542
1,540
1,538
1,538
1,776
1,852
1,980
1,578
1,546
1,542
1,540
1,544
1,538
1,538
1,542
1,544
1,550
1,538
1,540
1,540
1,534
1,534
1,540
1,540
1,540
1,540
1,542
1,544
1,538
1,536
1,538
1,538
1,538
1,536
1,538
1,538
1,540
1,578
1,560
1,538
1,534
1,542
1,534
1,536
1,542
1,542
1,536
1,524
1,528
1,528
1,528
1,534
1,530
1,526
1,526
1,526
1,524
1,532
1,530
1,526
1,530
1,530
1,528
1,528
1,614
1,528
1,534
1,530
1,528
1,530
1,526
1,526
1,530
1,528
1,530
1,526
1,528
1,526
1,526
1,524
1,528
1,528
1,530
1,528
1,530
1,528
1,526
1,526
1,530
1,532
1,528
1,526
1,532
1,582
1,532
1,534
1,528
1,526
1,522
1,526
1,528
1,524
1,524
1,530
1,534
1,532
1,530
1,526
1,528
1,526
1,522
1,526
1,526
1,526
1,528
1,534
1,528
1,526
1,524
1,526
1,570
1,530
1,528
1,530
1,528
1,530
1,528
1,528
1,526
1,530
1,530
1,528
1,528
1,524
1,526
1,526
1,528
1,528
1,526
1,526
1,532
1,526
1,524
1,532
1,528
1,532
1,526
1,530
1,528
1,526
1,528
1,530
1,528
1,526
1,524
1,530
1,528
1,532
1,526
1,524
1,526
1,528
1,528
1,528
1,528
1,532
1,528
1,532
1,528
1,530
1,528
1,520
1,526
1,600
1,558
1,530
1,546
1,532
1,528
1,530
1,526
1,528
1,528
1,526
1,530
1,526
1,530
1,530
1,530
1,530
1,528
1,528
1,528
1,526
1,526
1,526
1,530
1,530
1,532
1,532
1,528
1,576
1,526
1,532
1,532
1,532
1,524
1,532
1,532
1,530
1,528
1,718
1,566
1,716
1,572
1,650
1,702
1,646
1,924
1,762
1,728
1,666
1,748
1,610
1,710
1,568
1,624
1,724
1,690
1,554
1,694
1,710
1,642
1,666
1,592
1,644
1,576
1,592
1,820
1,834
1,920
1,716
1,826
1,870
1,854
1,912
1,624
1,756
1,630
1,626
1,638
1,686
1,680
1,706
1,844
1,834
1,826
1,886
1,866
1,804
1,754
1,894
1,820
1,836
1,696
1,576
1,542
1,786
1,810
1,774
1,838
1,820
1,792
1,824
1,678
1,848
1,806
1,802
1,868
1,618
1,804
1,806
1,794
1,810
1,812
1,568
1,528
1,574
1,566
1,758
1,672
1,806
1,596
1,542
1,618
1,656
1,664
1,750
1,824
1,624
1,804
1,546
1,628
1,860
1,910
1,848
1,660
1,558
1,594
1,710
1,658
1,578
1,580
1,654
1,648
1,584
1,622
1,698
1,552
1,668
1,642
1,552
1,632
1,616
1,706
1,576
1,716
1,650
1,690
1,630
1,644
1,616
1,632
1,566
1,640
1,618
1,654
1,616
1,618
1,586
1,664
1,706
1,580
1,676
1,578
1,706
1,624
1,586
1,562
1,654
1,736
1,728
1,638
1,698
1,772
1,626
1,666
1,654
1,690
1,708
1,660
1,644
1,656
1,634
1,902
1,634
1,764
1,664
1,740
1,626
1,688
1,636
1,686
1,670
1,732
1,656
1,654
1,714
1,720
1,690
1,690
1,744
1,620
1,746
1,634
1,670
1,732
1,676
1,712
1,656
1,656
1,706
1,650
1,578
1,976
1,1010
1,722
1,910
1,616
1,536
1,562
1,540
1,986
1,810
1,712
1,560
1,930
1,1262
1,880
1,800
1,628
1,1004
1,998
1,820
1,1030
1,578
1,844
1,818
1,990
1,856
1,842
1,864
1,808
1,828
1,618
1,846
1,1132
1,854
1,846
1,836
1,852
1,854
1,798
1,838
1,894
1,848
1,854
1,828
1,848
1,808
1,880
1,980
1,786
1,796
1,828
1,884
1,812
1,838
1,856
1,872
1,732
1,858
1,842
1,792
1,884
1,636
1,858
1,788
1,832
1,802
1,824
1,834
1,814
1,828
1,822
1,866
1,910
1,850
1,834
1,898
1,662
1,828
1,816
1,834
1,808
1,812
1,874
1,662
1,754
1,794
1,828
1,868
1,750
1,686
1,672
1,758
1,686
1,604
1,726
1,608
1,814
1,670
1,580
1,602
1,648
1,776
1,690
1,576
1,572
1,668
1,560
1,684
1,870
1,832
1,562
1,732
1,572
1,634
1,552
1,704
1,662
1,744
1,674
1,800
1,670
1,524
1,550
1,542
1,524
1,518
1,518
1,512
1,520
1,516
1,516
1,516
1,514
1,522
1,518
1,518
1,518
1,514
1,520
1,514
1,514
1,516
1,514
1,516
1,518
1,516
1,518
1,516
1,518
1,516
1,518
1,516
1,518
1,534
1,520
1,518
1,516
1,518
1,514
1,516
1,518
1,518
1,514
1,510
1,520
1,516
1,516
1,516
1,516
1,512
1,516
1,512
1,518
1,518
1,516
1,516
1,514
1,518
1,518
1,710
1,544
1,524
1,520
1,518
1,520
1,514
1,518
1,516
1,512
1,518
1,516
1,518
1,518
1,520
1,516
1,514
1,516
1,516
1,520
1,516
1,518
1,516
1,516
1,516
1,516
1,514
1,520
1,516
1,512
1,514
1,516
1,592
1,512
1,518
1,520
1,518
1,516
1,520
1,518
1,514
1,516
1,516
1,514
1,516
1,524
1,520
1,516
1,516
1,516
1,518
1,516
1,516
1,518
1,516
1,518
1,514
1,514
1,516
1,516
1,516
1,516
1,520
1,516
1,520
1,516
1,516
1,512
1,544
1,516
1,512
1,516
1,520
1,520
1,520
1,542
1,516
1,516
1,518
1,520
1,514
1,512
1,516
1,518
1,514
1,578
1,522
1,514
1,522
1,522
1,516
1,526
1,514
1,518
1,520
1,518
1,516
1,516
1,522
1,516
1,516
1,524
1,516
1,520
1,518
1,518
1,518
1,518
1,520
1,526
1,560
1,516
1,518
1,518
1,518
1,514
1,520
1,520
1,514
1,518
1,520
1,520
1,518
1,514
1,516
1,512
1,518
1,518
1,522
1,514
1,520
1,518
1,520
1,522
1,520
1,512
1,522
1,514
1,516
1,518
1,558
1,518
1,520
1,516
1,518
1,518
1,516
1,518
1,518
1,518
1,520
1,516
1,516
1,514
1,518
1,514
1,516
1,518
1,518
1,522
1,520
1,514
1,518
1,516
1,518
1,518
1,520
1,520
1,516
1,592
1,514
1,518
1,516
1,520
1,520
1,520
1,518
1,522
1,512
1,516
1,516
1,516
1,520
1,514
1,516
1,516
1,514
1,516
1,516
1,514
1,516
1,522
1,516
1,516
1,518
1,528
1,518
1,514
1,516
1,520
1,518
1,516
1,520
1,518
1,518
1,516
1,520
1,516
1,518
1,516
1,512
1,516
1,522
1,516
1,516
1,524
1,518
1,518
1,520
1,520
1,560
1,514
1,522
1,516
1,514
1,518
1,520
1,514
1,518
1,516
1,520
1,518
1,516
1,518
1,518
1,520
1,514
1,516
1,516
1,518
1,520
1,514
1,516
1,520
1,520
1,514
1,518
1,516
1,516
1,516
1,558
1,516
1,516
1,524
1,522
1,516
1,514
1,516
1,516
1,516
1,518
1,514
1,520
1,524
1,520
1,512
1,516
1,516
1,512
1,516
1,514
1,518
1,516
1,516
1,516
1,556
1,518
1,516
1,516
1,516
1,514
1,540
1,518
1,514
1,518
1,520
1,514
1,514
1,516
1,520
1,528
1,516
1,526
1,514
1,522
1,520
1,516
1,518
1,516
1,516
1,518
1,520
1,518
1,518
1,518
1,516
1,516
1,518
1,512
1,524
1,518
1,516
1,520
1,512
1,560
1,516
1,516
1,514
1,514
1,518
1,518
1,518
1,518
1,518
1,516
1,516
1,516
1,588
1,524
1,514
1,518
1,516
1,516
1,516
1,516
1,516
1,520
1,516
1,516
1,520
1,512
1,520
1,516
1,518
1,512
1,518
1,520
1,520
1,518
1,518
1,516
1,516
1,560
1,514
1,516
1,520
1,518
1,518
1,516
1,520
1,518
1,516
1,516
1,520
1,516
1,518
1,520
1,514
1,520
1,522
1,516
1,516
1,520
1,514
1,516
1,516
1,516
1,514
1,520
1,516
1,518
1,514
1,518
1,514
1,518
1,550
1,516
1,518
1,520
1,518
1,518
1,516
1,516
1,516
1,516
1,518
1,516
1,516
1,518
1,520
1,520
1,514
1,518
1,514
1,512
1,518
1,514
1,514
1,514
1,514
1,516
1,516
1,516
1,516
1,540
1,514
1,518
1,522
1,516
1,518
1,516
1,516
1,518
1,514
1,516
1,522
1,522
1,516
1,516
1,518
1,514
1,518
1,520
1,520
1,514
1,510
1,520
1,524
1,516
1,520
1,520
1,518
1,520
1,512
1,516
1,572
1,516
1,520
1,522
1,528
1,526
1,516
1,518
1,516
1,516
1,516
1,520
1,516
1,518
1,514
1,518
1,516
1,516
1,582
1,584
1,584
1,584
1,586
1,586
1,584
1,586
1,586
1,582
1,586
1,586
1,626
1,522
1,518
1,520
1,518
1,580
1,580
1,586
1,580
1,586
1,580
1,580
1,588
1,582
1,582
1,584
1,584
1,586
1,580
1,582
1,580
1,582
1,582
1,582
1,580
1,588
1,582
1,580
1,584
1,578
1,580
1,578
1,580
1,582
1,584
1,584
1,626
1,516
1,516
1,518
1,520
1,518
1,584
1,584
1,582
1,582
1,582
1,584
1,576
1,580
1,582
1,582
1,584
1,588
1,582
1,584
1,596
1,598
1,596
1,592
1,594
1,592
1,596
1,602
1,594
1,598
1,594
1,594
1,594
1,592
1,594
1,592
1,638
1,536
1,528
1,530
1,528
1,528
1,526
1,530
1,526
1,530
1,528
1,530
1,530
1,530
1,534
1,530
1,528
1,528
1,530
1,526
1,524
1,528
1,530
1,532
1,592
1,598
1,598
1,602
1,598
1,596
1,598
1,600
1,600
1,596
1,596
1,596
1,566
1,530
1,522
1,528
1,526
1,530
1,532
1,532
1,528
1,528
1,530
1,594
1,594
1,596
1,596
1,594
1,596
1,596
1,594
1,594
1,596
1,594
1,592
1,596
1,594
1,598
1,596
1,596
1,600
1,592
1,632
1,542
1,526
1,530
1,528
1,530
1,530
1,524
1,532
1,596
1,592
1,596
1,594
1,598
1,596
1,596
1,596
1,594
1,596
1,598
1,594
1,596
1,592
1,594
1,596
1,600
1,596
1,596
1,596
1,596
1,552
1,590
1,592
1,594
1,594
1,594
1,600
1,596
1,598
1,592
1,594
1,592
1,588
1,596
1,596
1,596
1,570
1,534
1,530
1,528
1,530
1,530
1,528
1,530
1,528
1,534
1,528
1,530
1,530
1,526
1,530
1,526
1,528
1,524
1,528
1,528
1,530
1,528
1,532
1,528
1,528
1,528
1,530
1,530
1,530
1,532
1,534
1,532
1,528
1,526
1,532
1,526
1,528
1,528
1,530
1,528
1,526
1,526
1,524
1,530
1,532
1,532
1,530
1,528
1,528
1,530
1,528
1,530
1,530
1,532
1,526
1,524
1,528
1,522
1,528
1,526
1,536
1,526
1,524
1,524
1,524
1,530
1,528
1,532
1,570
1,532
1,532
1,524
1,528
1,526
1,532
1,526
1,532
1,534
1,530
1,528
1,526
1,524
1,530
1,528
1,530
1,530
1,530
1,528
1,530
1,558
1,526
1,530
1,538
1,524
1,526
1,534
1,526
1,528
1,530
1,530
1,526
1,532
1,526
1,528
1,526
1,530
1,522
1,532
1,528
1,534
1,532
1,526
1,532
1,530
1,526
1,528
1,534
1,528
1,584
1,530
1,532
1,532
1,528
1,526
1,526
1,526
1,536
1,526
1,526
1,530
1,526
1,532
1,528
1,528
1,524
1,530
1,532
1,526
1,528
1,530
1,530
1,532
1,528
1,528
1,528
1,532
1,528
1,534
1,536
1,534
1,530
1,582
1,532
1,532
1,526
1,528
1,528
1,528
1,528
1,528
1,528
1,524
1,528
1,530
1,528
1,524
1,526
1,526
1,526
1,530
1,530
1,528
1,526
1,524
1,530
1,532
1,532
1,532
1,528
1,534
1,528
1,526
1,532
1,530
1,584
1,528
1,530
1,530
1,524
1,528
1,532
1,526
1,538
1,528
1,536
1,534
1,528
1,526
1,528
1,528
1,524
1,528
1,532
1,526
1,524
1,528
1,530
1,534
1,532
1,528
1,530
1,528
1,530
1,524
1,526
1,526
1,528
1,528
1,576
1,528
1,534
1,536
1,528
1,528
1,526
1,528
1,528
1,532
1,528
1,532
1,532
1,526
1,526
1,530
1,526
1,528
1,526
1,534
1,532
1,532
1,526
1,530
1,530
1,526
1,524
1,528
1,532
1,526
1,530
1,530
1,528
1,554
1,532
1,528
1,530
1,528
1,528
1,528
1,528
1,528
1,532
1,528
1,530
1,528
1,526
1,532
1,522
1,534
1,530
1,526
1,530
1,526
1,526
1,532
1,530
1,526
1,524
1,532
1,526
1,530
1,530
1,532
1,530
1,528
1,526
1,530
1,528
1,546
1,528
1,526
1,536
1,532
1,526
1,530
1,530
1,526
1,524
1,530
1,532
1,530
1,532
1,528
1,532
1,530
1,524
1,558
1,534
1,526
1,538
1,530
1,530
1,534
1,526
1,530
1,530
1,530
1,530
1,528
1,530
1,530
1,530
1,532
1,532
1,524
1,526
1,530
1,528
1,524
1,534
1,534
1,530
1,530
1,562
1,534
1,528
1,536
1,526
1,530
1,530
1,528
1,532
1,552
1,528
1,526
1,524
1,528
1,526
1,530
1,528
1,532
1,528
1,528
1,524
1,524
1,524
1,540
1,598
1,592
1,596
1,598
1,596
1,596
1,594
1,600
1,584
1,582
1,584
1,584
1,586
1,586
1,582
1,582
1,580
1,578
1,582
1,582
1,582
1,584
1,584
1,582
1,584
1,584
1,582
1,586
1,580
1,626
1,518
1,514
1,520
1,516
1,514
1,514
1,516
1,514
1,518
1,516
1,518
1,516
1,524
1,522
1,518
1,516
1,518
1,516
1,518
1,520
1,518
1,518
1,514
1,582
1,584
1,584
1,582
1,580
1,624
1,518
1,518
1,516
1,518
1,518
1,516
1,544
1,516
1,518
1,520
1,518
1,522
1,520
1,524
1,520
1,520
1,514
1,514
1,516
1,518
1,516
1,520
1,518
1,516
1,518
1,520
1,520
1,518
1,516
1,514
1,520
1,514
1,572
1,520
1,516
1,514
1,516
1,522
1,512
1,516
1,516
1,520
1,516
1,520
1,512
1,516
1,518
1,516
1,514
1,518
1,516
1,518
1,516
1,518
1,522
1,516
1,514
1,516
1,516
1,520
1,514
1,514
1,516
1,516
1,574
1,520
1,520
1,514
1,516
1,516
1,520
1,518
1,518
1,514
1,516
1,514
1,520
1,518
1,516
1,512
1,512
1,518
1,512
1,516
1,516
1,516
1,520
1,516
1,516
1,520
1,514
1,516
1,518
1,522
1,520
1,518
1,520
1,568
1,518
1,512
1,518
1,516
1,520
1,516
1,520
1,516
1,516
1,536
1,514
1,514
1,516
1,518
1,516
1,516
1,582
1,584
1,582
1,584
1,586
1,582
1,582
1,584
1,584
1,584
1,624
1,516
1,516
1,516
1,520
1,520
1,512
1,514
1,514
1,518
1,582
1,580
1,586
1,584
1,582
1,580
1,584
1,582
1,584
1,582
1,582
1,584
1,586
1,584
1,584
1,584
1,586
1,628
1,512
1,514
1,516
1,518
1,514
1,516
1,514
1,520
1,520
1,514
1,516
1,516
1,518
1,516
1,582
1,586
1,580
1,582
1,582
1,586
1,582
1,580
1,582
1,584
1,588
1,582
1,584
1,584
1,630
1,514
1,516
1,518
1,516
1,518
1,518
1,516
1,518
1,516
1,516
1,514
1,576
1,590
1,576
1,584
1,586
1,582
1,584
1,580
1,580
1,582
1,576
1,580
1,582
1,582
1,584
1,584
1,630
1,520
1,516
1,516
1,512
1,516
1,520
1,518
1,516
1,520
1,516
1,522
1,516
1,516
1,516
1,514
1,512
1,516
1,586
1,580
1,590
1,582
1,584
1,586
1,580
1,582
1,580
1,626
1,512
1,516
1,524
1,524
1,520
1,516
1,518
1,518
1,512
1,516
1,522
1,514
1,516
1,522
1,518
1,516
1,516
1,516
1,516
1,660
1,656
1,528
1,514
1,516
1,514
1,520
1,520
1,518
1,518
1,516
1,518
1,514
1,516
1,518
1,514
1,516
1,516
1,520
1,526
1,516
1,514
1,516
1,514
1,514
1,514
1,516
1,518
1,516
1,522
1,520
1,514
1,520
1,514
1,514
1,516
1,514
1,518
1,516
1,516
1,518
1,516
1,512
1,520
1,516
1,514
1,586
1,516
1,520
1,516
1,516
1,522
1,518
1,516
1,516
1,514
1,514
1,516
1,520
1,518
1,516
1,516
1,518
1,512
1,516
1,518
1,514
1,512
1,514
1,520
1,522
1,514
1,520
1,554
1,516
1,516
1,512
1,514
1,520
1,512
1,520
1,520
1,518
1,514
1,518
1,516
1,520
1,516
1,520
1,514
1,516
1,516
1,514
1,518
1,518
1,516
1,514
1,520
1,516
1,516
1,516
1,522
1,516
1,516
1,516
1,514
1,514
1,520
1,516
1,560
1,518
1,518
1,518
1,516
1,516
1,516
1,518
1,514
1,518
1,522
1,518
1,518
1,520
1,518
1,514
1,516
1,512
1,516
1,518
1,520
1,520
1,518
1,516
1,516
1,516
1,516
1,558
1,516
1,516
1,518
1,516
1,516
1,514
1,518
1,514
1,512
1,518
1,516
1,516
1,518
1,512
1,514
1,520
1,516
1,518
1,512
1,512
1,516
1,514
1,514
1,514
1,516
1,516
1,516
1,558
1,518
1,546
1,518
1,1706
1,1700
1,1694
1,1696
1,1722
1,1562
1,1702
1,520
1,2024
1,1618
1,1694
1,1718
1,1720
1,1718
1,1706
1,836
1,1694
1,1484
1,1694
1,1712
1,1700
1,1714
1,1368
1,1692
1,1738
1,520
1,1700
1,1712
1,1696
1,1736
1,1712
1,1710
1,1698
1,1718
1,1740
1,1706
1,1438
1,1692
1,518
1,514
1,1712
1,564
1,516
1,522
1,518
1,520
1,524
1,516
1,520
1,516
1,514
1,520
1,514
1,512
1,518
1,518
1,520
1,520
1,514
1,516
1,516
1,540
1,516
1,516
1,518
1,516
1,520
1,520
1,514
1,518
1,514
1,518
1,516
1,514
1,516
1,518
1,592
1,516
1,524
1,520
1,516
1,516
1,512
1,516
1,516
1,514
1,522
1,514
1,520
1,518
1,520
1,516
1,512
1,516
1,516
1,512
1,514
1,516
1,518
1,518
1,518
1,518
1,516
1,554
1,514
1,510
1,518
1,520
1,518
1,520
1,516
1,516
1,514
1,516
1,518
1,516
1,522
1,516
1,514
1,520
1,516
1,516
1,516
1,512
1,518
1,516
1,516
1,518
1,518
1,516
1,518
1,516
1,516
1,518
1,516
1,558
1,520
1,516
1,516
1,520
1,530
1,530
1,530
1,530
1,556
1,538
1,534
1,530
1,530
1,530
1,530
1,526
1,524
1,528
1,526
1,526
1,530
1,530
1,530
1,530
1,530
1,530
1,530
1,528
1,530
1,530
1,528
1,530
1,556
1,528
1,530
1,530
1,528
1,530
1,530
1,526
1,530
1,530
1,524
1,528
1,532
1,526
1,530
1,526
1,532
1,530
1,534
1,528
1,526
1,528
1,532
1,530
1,584
1,528
1,530
1,526
1,530
1,530
1,532
1,530
1,530
1,532
1,532
1,528
1,530
1,530
1,532
1,532
1,530
1,532
1,526
1,526
1,524
1,526
1,530
1,530
1,528
1,572
1,532
1,532
1,526
1,530
1,526
1,528
1,534
1,532
1,532
1,530
1,528
1,546
1,530
1,550
1,530
1,526
1,532
1,526
1,528
1,526
1,526
1,528
1,526
1,526
1,530
1,526
1,578
1,530
1,530
1,530
1,532
1,530
1,528
1,530
1,528
1,528
1,526
1,530
1,596
1,596
1,596
1,598
1,602
1,596
1,592
1,594
1,598
1,594
1,600
1,592
1,600
1,600
1,598
1,598
1,598
1,590
1,546
1,594
1,592
1,594
1,594
1,600
1,596
1,596
1,592
1,600
1,596
1,596
1,596
1,596
1,594
1,594
1,596
1,594
1,594
1,596
1,594
1,550
1,526
1,540
1,534
1,526
1,528
1,524
1,526
1,526
1,530
1,536
1,534
1,528
1,528
1,524
1,526
1,530
1,528
1,522
1,526
1,528
1,530
1,528
1,530
1,530
1,528
1,528
1,572
1,530
1,532
1,526
1,528
1,528
1,530
1,526
1,530
1,530
1,530
1,530
1,532
1,532
1,532
1,528
1,528
1,526
1,526
1,526
1,526
1,530
1,530
1,530
1,528
1,532
1,570
1,530
1,528
1,528
1,532
1,532
1,528
1,530
1,534
1,528
1,534
1,526
1,526
1,528
1,524
1,534
1,528
1,528
1,528
1,530
1,12002
1,540
1,526
1,538
1,526
1,534
1,526
1,534
1,530
1,526
1,534
1,546
1,528
1,528
1,526
1,526
1,526
1,536
1,528
1,526
1,528
1,530
1,530
1,526
1,534
1,526
1,528
1,532
1,530
1,530
1,526
1,522
1,582
1,524
1,524
1,528
1,528
1,530
1,532
1,528
1,526
1,530
1,526
1,524
1,532
1,532
1,532
1,534
1,534
1,528
1,528
1,526
1,526
1,526
1,532
1,524
1,532
1,526
1,570
1,528
1,526
1,526
1,528
1,530
1,534
1,530
1,528
1,526
1,528
1,530
1,528
1,526
1,528
1,532
1,534
1,530
1,528
1,524
1,532
1,532
1,534
1,530
1,526
1,530
1,530
1,572
1,524
1,526
1,532
1,532
1,528
1,1732
1,1734
1,1734
1,1768
1,1738
1,1744
1,544
1,926
1,526
1,530
1,528
1,530
1,532
1,1744
1,528
1,526
1,742
1,530
1,526
1,528
1,530
1,524
1,526
1,528
1,526
1,524
1,528
1,526
1,528
1,526
1,530
1,528
1,528
1,530
1,526
1,530
1,528
1,532
1,526
1,530
1,530
1,530
1,530
1,524
1,568
1,528
1,532
1,526
1,528
1,530
1,530
1,532
1,532
1,536
1,530
1,530
1,528
1,524
1,526
1,528
1,532
1,526
1,528
1,534
1,534
1,528
1,526
1,526
1,530
1,526
1,532
1,576
1,530
1,526
1,526
1,526
1,528
1,528
1,528
1,526
1,530
1,532
1,530
1,532
1,532
1,528
1,526
1,526
1,526
1,528
1,530
1,530
1,528
1,530
1,528
1,526
1,528
1,526
1,524
1,530
1,528
1,566
1,526
1,530
1,530
1,528
1,524
1,530
1,526
1,532
1,526
1,530
1,528
1,530
1,528
1,528
1,526
1,530
1,528
1,530
1,528
1,526
1,532
1,526
1,530
1,526
1,566
1,530
1,524
1,530
1,530
1,532
1,532
1,532
1,530
1,524
1,526
1,526
1,530
1,530
1,528
1,530
1,524
1,532
1,526
1,530
1,526
1,530
1,526
1,526
1,526
1,532
1,528
1,590
1,526
1,528
1,532
1,530
1,526
1,528
1,530
1,536
1,528
1,530
1,554
1,530
1,526
1,534
1,528
1,530
1,526
1,528
1,542
1,528
1,542
1,528
1,530
1,532
1,528
1,528
1,530
1,530
1,530
1,524
1,526
1,530
1,528
1,530
1,526
1,540
1,528
1,530
1,530
1,528
1,526
1,528
1,528
1,530
1,528
1,530
1,528
1,532
1,530
1,530
1,534
1,528
1,530
1,530
1,532
1,530
1,530
1,530
1,530
1,528
1,528
1,528
1,526
1,530
1,524
1,528
1,526
1,532
1,530
1,530
1,526
1,530
1,526
1,526
1,526
1,526
1,532
1,534
1,526
1,532
1,530
1,568
1,528
1,526
1,616
1,528
1,530
1,534
1,528
1,524
1,528
1,530
1,526
1,530
1,524
1,530
1,530
1,524
1,528
1,534
1,524
1,530
1,530
1,532
1,526
1,528
1,532
1,524
1,526
1,526
1,528
1,526
1,530
1,524
1,532
1,528
1,528
1,528
1,528
1,526
1,526
1,530
1,528
1,532
1,530
1,528
1,526
1,530
1,522
1,530
1,528
1,526
1,526
1,536
1,530
1,528
1,532
1,524
1,524
1,524
1,526
1,528
1,526
1,526
1,524
1,526
1,528
1,526
1,530
1,532
1,530
1,530
1,534
1,532
1,528
1,530
1,530
1,524
1,526
1,526
1,524
1,528
1,526
1,530
1,530
1,528
1,528
1,528
1,524
1,532
1,532
1,532
1,532
1,536
1,532
1,530
1,528
1,522
1,528
1,526
1,530
1,532
1,530
1,530
1,526
1,528
1,534
1,528
1,528
1,530
1,530
1,526
1,534
1,532
1,532
1,526
1,532
1,528
1,530
1,526
1,526
1,526
1,534
1,526
1,534
1,528
1,530
1,532
1,532
1,528
1,530
1,528
1,554
1,536
1,530
1,536
1,530
1,530
1,528
1,524
1,530
1,532
1,532
1,528
1,528
1,528
1,530
1,532
1,526
1,526
1,530
1,526
1,530
1,536
1,526
1,530
1,528
1,524
1,530
1,526
1,534
1,528
1,552
1,528
1,526
1,572
1,526
1,590
1,594
1,592
1,594
1,594
1,594
1,594
1,598
1,598
1,598
1,594
1,594
1,596
1,596
1,594
1,598
1,596
1,592
1,590
1,596
1,598
1,598
1,594
1,596
1,602
1,596
1,596
1,594
1,590
1,1034
1,524
1,1744
1,530
1,530
1,528
1,528
1,814
1,526
1,528
1,1264
1,1244
1,530
1,530
1,530
1,528
1,532
1,536
1,528
1,916
1,1732
1,608
1,1746
1,1750
1,1754
1,1748
1,1744
1,1744
1,1744
1,704
1,1734
1,530
1,594
1,596
1,530
1,526
1,530
1,594
1,596
1,598
1,596
1,600
1,594
1,602
1,592
1,594
1,596
1,596
1,596
1,596
1,600
1,598
1,528
1,1738
1,530
1,1756
1,1738
1,1248
1,526
1,532
1,532
1,1732
1,1324
1,538
1,528
1,532
1,526
1,528
1,696
1,532
1,1680
1,526
1,532
1,1736
1,528
1,528
1,530
1,530
1,530
1,526
1,526
1,528
1,528
1,528
1,526
1,528
1,612
1,532
1,526
1,528
1,528
1,528
1,528
1,532
1,524
1,530
1,528
1,528
1,524
1,558
1,1738
1,1718
1,1926
1,1804
1,688
1,1080
1,916
1,812
1,698
1,608
1,522
1,526
1,530
1,524
1,526
1,526
1,526
1,560
1,534
1,532
1,532
1,530
1,526
1,526
1,528
1,530
1,528
1,526
1,528
1,524
1,546
1,1392
1,1202
1,1462
1,602
1,678
1,1510
1,1622
1,974
1,544
1,532
1,534
1,526
1,526
1,530
1,526
1,1130
1,1442
1,708
1,526
1,532
1,526
1,526
1,526
1,528
1,530
1,524
1,526
1,530
1,530
1,526
1,530
1,530
1,528
1,532
1,526
1,526
1,522
1,1286
1,744
1,534
1,526
1,532
1,524
1,528
1,524
1,528
1,524
1,524
1,530
1,528
1,532
1,528
1,526
1,530
1,526
1,526
1,526
1,526
1,526
1,528
1,530
1,528
1,528
1,526
1,528
1,528
1,530
1,526
1,576
1,528
1,526
1,528
1,524
1,526
1,528
1,526
1,524
1,524
1,526
1,534
1,530
1,528
1,526
1,528
1,526
1,528
1,528
1,528
1,524
1,524
1,528
1,532
1,524
1,526
1,528
1,526
1,524
1,532
1,570
1,532
1,530
1,528
1,530
1,528
1,528
1,528
1,528
1,526
1,530
1,532
1,522
1,530
1,528
1,524
1,532
1,526
1,526
1,526
1,528
1,528
1,532
1,526
1,1218
1,514
1,522
1,516
1,522
1,516
1,514
1,560
1,514
1,516
1,518
1,522
1,510
1,514
1,516
1,512
1,516
1,522
1,518
1,516
1,516
1,516
1,512
1,514
1,514
1,516
1,514
1,518
1,518
1,516
1,516
1,516
1,518
1,516
1,514
1,516
1,514
1,556
1,522
1,520
1,516
1,516
1,516
1,516
1,514
1,518
1,520
1,510
1,516
1,518
1,516
1,516
1,514
1,516
1,512
1,518
1,516
1,518
1,510
1,518
1,516
1,518
1,556
1,518
1,510
1,516
1,510
1,510
1,520
1,514
1,516
1,518
1,512
1,518
1,516
1,516
1,518
1,516
1,518
1,514
1,538
1,518
1,514
1,524
1,516
1,522
1,518
1,532
1,518
1,518
1,520
1,518
1,520
1,518
1,518
1,518
1,516
1,518
1,516
1,514
1,516
1,516
1,516
1,516
1,520
1,516
1,516
1,518
1,520
1,516
1,520
1,516
1,516
1,532
1,544
1,518
1,514
1,524
1,518
1,518
1,514
1,514
1,516
1,518
1,522
1,518
1,518
1,524
1,518
1,518
1,518
1,520
1,516
1,522
1,518
1,520
1,520
1,518
1,570
1,516
1,516
1,518
1,518
1,516
1,514
1,518
1,514
1,516
1,520
1,518
1,516
1,516
1,520
1,520
1,520
1,512
1,516
1,516
1,522
1,520
1,516
1,514
1,518
1,516
1,522
1,514
1,516
1,520
1,576
1,516
1,516
1,516
1,518
1,518
1,516
1,520
1,514
1,518
1,520
1,516
1,518
1,514
1,518
1,514
1,518
1,518
1,520
1,532
1,518
1,548
1,524
1,528
1,524
1,522
1,516
1,518
1,520
1,520
1,516
1,514
1,516
1,516
1,512
1,518
1,520
1,526
1,512
1,516
1,522
1,516
1,514
1,518
1,512
1,514
1,520
1,512
1,520
1,562
1,520
1,520
1,518
1,516
1,516
1,520
1,514
1,514
1,516
1,518
1,514
1,520
1,518
1,516
1,514
1,518
1,514
1,516
1,514
1,516
1,518
1,516
1,520
1,516
1,516
1,516
1,536
1,520
1,520
1,514
1,520
1,514
1,516
1,520
1,518
1,516
1,516
1,514
1,518
1,516
1,520
1,520
1,516
1,516
1,514
1,516
1,514
1,516
1,518
1,522
1,518
1,520
1,516
1,520
1,556
1,516
1,520
1,516
1,516
1,520
1,522
1,518
1,512
1,518
1,514
1,516
1,516
1,518
1,520
1,518
1,514
1,520
1,514
1,514
1,520
1,516
1,518
1,516
1,512
1,518
1,520
1,558
1,518
1,516
1,516
1,514
1,514
1,520
1,520
1,522
1,516
1,522
1,518
1,522
1,516
1,512
1,516
1,518
1,518
1,516
1,520
1,516
1,516
1,520
1,516
1,518
1,516
1,516
1,556
1,518
1,520
1,520
1,520
1,514
1,516
1,516
1,518
1,518
1,516
1,522
1,512
1,518
1,520
1,516
1,516
1,516
1,520
1,518
1,516
1,522
1,520
1,522
1,520
1,512
1,516
1,554
1,514
1,514
1,514
1,520
1,514
1,522
1,534
1,516
1,516
1,520
1,510
1,518
1,514
1,514
1,516
1,516
1,514
1,518
1,540
1,514
1,518
1,514
1,520
1,580
1,584
1,580
1,584
1,586
1,584
1,582
1,582
1,584
1,580
1,580
1,584
1,580
1,588
1,582
1,584
1,584
1,580
1,582
1,586
1,584
1,580
1,582
1,580
1,582
1,584
1,628
1,514
1,520
1,516
1,518
1,520
1,514
1,514
1,516
1,516
1,518
1,514
1,516
1,516
1,518
1,520
1,518
1,520
1,516
1,516
1,514
1,516
1,516
1,518
1,514
1,514
1,518
1,522
1,518
1,518
1,516
1,522
1,512
1,516
1,514
1,518
1,564
1,518
1,520
1,516
1,514
1,512
1,514
1,512
1,522
1,518
1,520
1,518
1,544
1,530
1,526
1,530
1,532
1,528
1,534
1,534
1,528
1,532
1,526
1,528
1,526
1,526
1,528
1,528
1,530
1,530
1,532
1,532
1,530
1,526
1,528
1,582
1,542
1,528
1,534
1,528
1,530
1,526
1,524
1,526
1,526
1,530
1,532
1,528
1,532
1,528
1,596
1,600
1,594
1,598
1,598
1,598
1,594
1,594
1,592
1,600
1,594
1,598
1,594
1,592
1,596
1,590
1,596
1,600
1,594
1,598
1,596
1,600
1,592
1,636
1,528
1,528
1,530
1,528
1,528
1,522
1,530
1,534
1,532
1,532
1,526
1,556
1,536
1,530
1,536
1,526
1,524
1,530
1,526
1,530
1,526
1,524
1,534
1,530
1,530
1,530
1,528
1,530
1,530
1,530
1,528
1,526
1,526
1,558
1,530
1,550
1,530
1,528
1,526
1,526
1,526
1,528
1,530
1,530
1,532
1,530
1,532
1,526
1,526
1,530
1,594
1,592
1,596
1,598
1,594
1,594
1,594
1,596
1,592
1,598
1,596
1,594
1,592
1,640
1,530
1,528
1,530
1,534
1,530
1,526
1,528
1,530
1,530
1,532
1,528
1,528
1,530
1,528
1,596
1,596
1,590
1,596
1,592
1,596
1,594
1,596
1,596
1,596
1,594
1,594
1,592
1,594
1,638
1,530
1,530
1,528
1,530
1,526
1,526
1,528
1,530
1,528
1,528
1,530
1,592
1,596
1,594
1,592
1,596
1,592
1,594
1,596
1,594
1,594
1,600
1,592
1,594
1,596
1,600
1,638
1,530
1,526
1,528
1,532
1,530
1,530
1,598
1,596
1,592
1,596
1,592
1,594
1,596
1,594
1,596
1,596
1,600
1,594
1,594
1,594
1,592
1,596
1,592
1,596
1,598
1,598
1,598
1,600
1,640
1,522
1,528
1,528
1,524
1,526
1,532
1,526
1,528
1,526
1,592
1,596
1,592
1,592
1,592
1,598
1,598
1,598
1,596
1,594
1,592
1,598
1,596
1,598
1,592
1,594
1,596
1,638
1,528
1,526
1,528
1,528
1,524
1,526
1,530
1,526
1,528
1,530
1,532
1,530
1,532
1,528
1,598
1,596
1,594
1,598
1,596
1,598
1,592
1,594
1,600
1,588
1,596
1,596
1,594
1,596
1,596
1,648
1,530
1,528
1,528
1,532
1,530
1,526
1,528
1,530
1,528
1,530
1,530
1,530
1,528
1,528
1,592
1,598
1,594
1,594
1,602
1,594
1,600
1,594
1,594
1,600
1,592
1,596
1,594
1,590
1,598
1,590
1,598
1,602
1,596
1,596
1,598
1,642
1,532
1,528
1,530
1,532
1,528
1,526
1,528
1,530
1,532
1,530
1,532
1,528
1,530
1,526
1,530
1,528
1,528
1,528
1,528
1,596
1,598
1,596
1,596
1,596
1,596
1,594
1,640
1,588
1,536
1,526
1,524
1,524
1,538
1,526
1,530
1,528
1,530
1,528
1,530
1,526
1,532
1,528
1,530
1,532
1,530
1,528
1,530
1,530
1,530
1,528
1,522
1,550
1,530
1,528
1,526
1,526
1,530
1,528
1,526
1,528
1,530
1,526
1,532
1,528
1,532
1,530
1,530
